{"cameraMode":{"drawMode":0,"name":"Shaded","section":"Shading Mode"},"sceneLighting":false,"audioPlay":false,"sceneViewState":{"m_AlwaysRefresh":false,"showFog":true,"showSkybox":false,"showFlares":true,"showImageEffects":true,"showParticleSystems":true,"showVisualEffectGraphs":true,"m_FxEnabled":true},"in2DMode":false,"pivot":{"x":-9.832788467407227,"y":-0.6151679754257202,"z":-0.10285507142543793},"rotation":{"x":0.029516346752643586,"y":-0.7042310237884522,"z":0.030270958319306375,"w":0.7079412937164307},"size":6.365747451782227,"orthographic":false}