{"cameraMode":{"drawMode":0,"name":"Shaded","section":"Shading Mode"},"sceneLighting":false,"audioPlay":false,"sceneViewState":{"m_AlwaysRefresh":false,"showFog":true,"showSkybox":false,"showFlares":true,"showImageEffects":true,"showParticleSystems":true,"showVisualEffectGraphs":true,"m_FxEnabled":true},"in2DMode":false,"pivot":{"x":0.14730149507522584,"y":0.11601865291595459,"z":-0.17120343446731568},"rotation":{"x":0.029516346752643586,"y":-0.7042310237884522,"z":0.030270958319306375,"w":0.7079412937164307},"size":3.7811903953552248,"orthographic":false}