{"cameraMode":{"drawMode":0,"name":"Shaded","section":"Shading Mode"},"sceneLighting":false,"audioPlay":false,"sceneViewState":{"m_AlwaysRefresh":false,"showFog":true,"showSkybox":false,"showFlares":true,"showImageEffects":true,"showParticleSystems":true,"showVisualEffectGraphs":true,"m_FxEnabled":false},"in2DMode":false,"pivot":{"x":14.651654243469239,"y":-6.430781364440918,"z":237.32420349121095},"rotation":{"x":0.07463059574365616,"y":-0.8259559869766235,"z":0.11406330019235611,"w":0.5459882020950317},"size":26.085927963256837,"orthographic":false}